{
  "issue_type": {
    "precision": 0.6190476190476191,
    "recall": 0.8125,
    "f1-score": 0.7027027027027026,
    "support": 16,
    "confused_with": {}
  },
  "micro avg": {
    "precision": 0.6190476190476191,
    "recall": 0.8125,
    "f1-score": 0.7027027027027026,
    "support": 16
  },
  "macro avg": {
    "precision": 0.6190476190476191,
    "recall": 0.8125,
    "f1-score": 0.7027027027027026,
    "support": 16
  },
  "weighted avg": {
    "precision": 0.6190476190476191,
    "recall": 0.8125,
    "f1-score": 0.7027027027027026,
    "support": 16
  }
}